{
  "src\\app\\layout.tsx": 1775949185.250721,
  "src\\app\\page.tsx": 1775406694.7095678,
  "src\\app\\(app)\\layout.tsx": 1775418765.7519531,
  "src\\app\\(app)\\dashboard\\page.tsx": 1775996665.765623,
  "src\\app\\(app)\\dev\\ocr\\layout.tsx": 1775915719.8813581,
  "src\\app\\(app)\\dev\\ocr\\page.tsx": 1775915725.364088,
  "src\\app\\(app)\\dev\\ocr\\[id]\\page.tsx": 1775949204.2562468,
  "src\\app\\(app)\\develop\\page.tsx": 1775996036.5038962,
  "src\\app\\(app)\\sets\\new\\NewStudySetPdfImportFlow.tsx": 1775997062.343873,
  "src\\app\\(app)\\sets\\new\\page.tsx": 1775997070.5445452,
  "src\\app\\(app)\\sets\\new\\flashcards\\page.tsx": 1775997057.0992148,
  "src\\app\\(app)\\sets\\new\\quiz\\page.tsx": 1775997073.6147635,
  "src\\app\\(app)\\sets\\[id]\\layout.tsx": 1775425384.140106,
  "src\\app\\(app)\\sets\\[id]\\done\\page.tsx": 1775949205.5118208,
  "src\\app\\(app)\\sets\\[id]\\flashcards\\page.tsx": 1775949205.7799027,
  "src\\app\\(app)\\sets\\[id]\\flashcards\\review\\page.tsx": 1775998618.0531974,
  "src\\app\\(app)\\sets\\[id]\\parse\\page.tsx": 1775420858.1588707,
  "src\\app\\(app)\\sets\\[id]\\play\\page.tsx": 1775996179.0191,
  "src\\app\\(app)\\sets\\[id]\\practice\\page.tsx": 1775419032.0168855,
  "src\\app\\(app)\\sets\\[id]\\review\\page.tsx": 1775998655.384715,
  "src\\app\\(app)\\sets\\[id]\\source\\page.tsx": 1775997908.5624645,
  "src\\app\\(app)\\settings\\page.tsx": 1775949457.6410985,
  "src\\app\\api\\ai\\forward\\route.ts": 1775400255.321918,
  "src\\app\\api\\ai\\vision-staging\\route.ts": 1775905884.171876,
  "src\\app\\api\\ai\\vision-staging\\[id]\\route.ts": 1775905914.0493565,
  "src\\app\\api\\ai\\vision-test-image\\route.ts": 1775403460.5110288,
  "src\\app\\api\\develop\\mock\\[slug]\\route.ts": 1775995968.4932618,
  "src\\app\\api\\parse-jobs\\route.ts": 1775907298.396816,
  "src\\app\\api\\parse-jobs\\[id]\\route.ts": 1775907299.625199,
  "src\\components\\ai\\AiParseActions.tsx": 1775906224.2771087,
  "src\\components\\ai\\AiParseEstimatePanel.tsx": 1775910600.7958808,
  "src\\components\\ai\\AiParseParseStrategyPanel.tsx": 1775906593.6606,
  "src\\components\\ai\\AiParsePreferenceToggles.tsx": 1775906219.3689642,
  "src\\components\\ai\\AiParseSection.tsx": 1775931039.9951782,
  "src\\components\\ai\\AiParseSectionHeader.tsx": 1775906216.1199794,
  "src\\components\\ai\\OcrInspector.tsx": 1775879134.5665212,
  "src\\components\\ai\\ParseProgressContext.tsx": 1775426737.2301037,
  "src\\components\\ai\\ParseProgressOverlay.tsx": 1775997950.174927,
  "src\\components\\ai\\ParseResultOverlay.tsx": 1775931063.4658077,
  "src\\components\\ai\\QuestionMappingDebug.tsx": 1775874692.2472882,
  "src\\components\\ai\\QuestionPreviewList.tsx": 1775907148.8556798,
  "src\\components\\ai\\parsing-workbench\\ParsingWorkbenchLog.tsx": 1775997958.69325,
  "src\\components\\ai\\parsing-workbench\\ParsingWorkbenchMetricsRow.tsx": 1775997955.4915266,
  "src\\components\\ai\\parsing-workbench\\ParsingWorkbenchStatusBanner.tsx": 1775997948.092195,
  "src\\components\\ai\\parsing-workbench\\ParsingWorkbenchThumbStrip.tsx": 1775997957.8484826,
  "src\\components\\dashboard\\DashboardBlueprintDecor.tsx": 1775996558.7996264,
  "src\\components\\dashboard\\DashboardDraftBanner.tsx": 1775996589.401361,
  "src\\components\\dashboard\\dashboardFormat.ts": 1775996557.774601,
  "src\\components\\dashboard\\DashboardHero.tsx": 1775996563.7525628,
  "src\\components\\dashboard\\DashboardHomeClient.tsx": 1775996672.2446659,
  "src\\components\\dashboard\\DashboardLibraryClient.tsx": 1775996872.1026816,
  "src\\components\\dashboard\\DashboardLibraryHeader.tsx": 1775996580.115234,
  "src\\components\\dashboard\\DashboardMobileBottomNav.tsx": 1775996613.431195,
  "src\\components\\dashboard\\DashboardStatsRow.tsx": 1775996680.065155,
  "src\\components\\dashboard\\DashboardStudySetCard.tsx": 1775996867.1880383,
  "src\\components\\dashboard\\RenameStudySetDialog.tsx": 1775423997.694118,
  "src\\components\\dashboard\\StatCard.tsx": 1775874692.2482889,
  "src\\components\\dashboard\\WeeklyActivityChart.tsx": 1775874692.2482889,
  "src\\components\\develop\\DevelopLabClient.tsx": 1775997782.2309065,
  "src\\components\\develop\\preview-batches\\DevelopPreviewBatch01Buttons.tsx": 1775998046.852796,
  "src\\components\\develop\\preview-batches\\DevelopPreviewBatch02Cards.tsx": 1775998052.1518073,
  "src\\components\\develop\\preview-batches\\DevelopPreviewBatch03Forms.tsx": 1775997967.1418214,
  "src\\components\\develop\\preview-batches\\DevelopPreviewBatch04Overlays.tsx": 1775998274.0188818,
  "src\\components\\develop\\preview-batches\\DevelopPreviewBatch05Layout.tsx": 1775997804.9895966,
  "src\\components\\flashcards\\FlashcardSession.tsx": 1775905564.589063,
  "src\\components\\flashcards\\review\\FlashcardReviewWorkspace.tsx": 1775998681.1163273,
  "src\\components\\layout\\ApiStatusIndicator.tsx": 1775426151.2101617,
  "src\\components\\layout\\AppProviders.tsx": 1775424034.9317944,
  "src\\components\\layout\\AppShell.tsx": 1775996636.174871,
  "src\\components\\layout\\AppSidebar.tsx": 1775996883.1588306,
  "src\\components\\layout\\AppTopBar.tsx": 1775996664.9369652,
  "src\\components\\layout\\CommandPalette.tsx": 1775996040.9738119,
  "src\\components\\layout\\LibrarySearchContext.tsx": 1775423945.2541187,
  "src\\components\\layout\\ParseProgressStrip.tsx": 1775874692.2492888,
  "src\\components\\layout\\StepProgressBar.tsx": 1775949222.661927,
  "src\\components\\math\\index.ts": 1775905539.3073795,
  "src\\components\\math\\MathText.tsx": 1775905536.0683558,
  "src\\components\\media\\StoredImage.tsx": 1775421260.6532369,
  "src\\components\\play\\PlaySession.tsx": 1775905557.79681,
  "src\\components\\providers\\app-root-providers.tsx": 1775421823.4441898,
  "src\\components\\review\\MappingQualityBadge.tsx": 1775908511.1753256,
  "src\\components\\review\\McqOptionsPreview.tsx": 1775905541.9383726,
  "src\\components\\review\\QuestionCard.tsx": 1775907219.6582224,
  "src\\components\\review\\QuestionEditor.tsx": 1775905551.4470959,
  "src\\components\\review\\ReviewList.tsx": 1775418765.8727088,
  "src\\components\\review\\ReviewSection.tsx": 1775908511.0906463,
  "src\\components\\sets\\new\\flashcards\\FlashcardsImportTechnicalGrid.tsx": 1775997055.7341292,
  "src\\components\\sets\\new\\flashcards\\FlashcardsImportWorkbench.tsx": 1775997049.849182,
  "src\\components\\sets\\new\\flashcards\\FlashcardsImportWorkbenchHeader.tsx": 1775997065.4034493,
  "src\\components\\sets\\new\\format-selection\\FormatSelectionCard.tsx": 1775997060.1344473,
  "src\\components\\sets\\new\\format-selection\\HowItWorksStrip.tsx": 1775997053.3694186,
  "src\\components\\sets\\new\\format-selection\\NewStudySetFormatFooter.tsx": 1775997054.436215,
  "src\\components\\sets\\new\\format-selection\\NewStudySetFormatHero.tsx": 1775997039.5075758,
  "src\\components\\sets\\new\\import\\NewStudySetPdfImportLoadingWorkbench.tsx": 1775997258.7714715,
  "src\\components\\sets\\new\\quiz\\QuizNewImportCommandHeader.tsx": 1775997246.0327048,
  "src\\components\\sets\\new\\quiz\\QuizNewImportMetadataFooter.tsx": 1775997062.9653752,
  "src\\components\\sets\\new\\quiz\\QuizNewImportTechnicalBackdrop.tsx": 1775997056.2868097,
  "src\\components\\sets\\new\\quiz\\QuizNewImportWorkbench.tsx": 1775997084.134613,
  "src\\components\\settings\\AiProviderForm.tsx": 1775949466.843369,
  "src\\components\\ui\\alert-dialog.tsx": 1775423883.4567368,
  "src\\components\\ui\\alert.tsx": 1775421694.9661713,
  "src\\components\\ui\\avatar.tsx": 1775423883.348472,
  "src\\components\\ui\\badge.tsx": 1775421598.6820936,
  "src\\components\\ui\\button.tsx": 1775995948.2689254,
  "src\\components\\ui\\card.tsx": 1775421598.452261,
  "src\\components\\ui\\checkbox.tsx": 1775997925.9881327,
  "src\\components\\ui\\command.tsx": 1775421599.3695602,
  "src\\components\\ui\\dialog.tsx": 1775421599.2531488,
  "src\\components\\ui\\dropdown-menu.tsx": 1775421598.9736233,